user_id,account_ref,as_of,currency,asset_name,symbol,instrument_type,price,change_1h_pct,change_24h_pct,change_7d_pct,holdings_value,amount,avg_buy_price,profit_loss_value,profit_loss_pct,asset_class,chain,address,tx_hash,block_number,log_index,external_id,venue,protocol,counterparty,fee_amount,fee_symbol,raw_json
prototype,hyperliquid:0xd6e56265890b76413d1d527eb9b75e334c0c5b42,2026-04-28T22:14:22Z,USDC,ATOM,ATOM/USDC:USDC,perp,3.1584,,,,121755.522276,-62371.56,3.1584,75244.373562,308.9977857104962,crypto,,0xd6e56265890b76413d1d527eb9b75e334c0c5b42,,,,,hyperliquid,,,,,"{""exchange_id"":""hyperliquid"",""position"":{""collateral"":24351.104455,""contractSize"":1.0,""contracts"":62371.56,""datetime"":null,""entryPrice"":3.1584,""hedged"":null,""id"":null,""info"":{""position"":{""coin"":""ATOM"",""cumFunding"":{""allTime"":""11238.882869"",""sinceChange"":""-335.282026"",""sinceOpen"":""11238.882869""},""entryPx"":""3.1584"",""leverage"":{""type"":""cross"",""value"":""5""},""liquidationPx"":""150.2391018639"",""marginUsed"":""24351.104455"",""maxLeverage"":""5"",""positionValue"":""121755.522276"",""returnOnEquity"":""1.9097566839"",""szi"":""-62371.56"",""unrealizedPnl"":""75244.373562""},""type"":""oneWay""},""initialMargin"":24351.104455,""initialMarginPercentage"":null,""isolated"":false,""leverage"":5.0,""liquidationPrice"":150.2391018639,""maintenanceMargin"":null,""maintenanceMarginPercentage"":null,""marginMode"":""cross"",""markPrice"":null,""notional"":121755.522276,""percentage"":308.9977857104962,""side"":""short"",""symbol"":""ATOM/USDC:USDC"",""timestamp"":null,""unrealizedPnl"":75244.373562}}"
prototype,hyperliquid:0xd6e56265890b76413d1d527eb9b75e334c0c5b42,2026-04-28T22:14:22Z,USDC,AVAX,AVAX/USDC:USDC,perp,16.1282,,,,116512.44822,-12710.68,16.1282,88488.327246,759.4753058395565,crypto,,0xd6e56265890b76413d1d527eb9b75e334c0c5b42,,,,,hyperliquid,,,,,"{""exchange_id"":""hyperliquid"",""position"":{""collateral"":11651.244822,""contractSize"":1.0,""contracts"":12710.68,""datetime"":null,""entryPrice"":16.1282,""hedged"":null,""id"":null,""info"":{""position"":{""coin"":""AVAX"",""cumFunding"":{""allTime"":""-3270.764938"",""sinceChange"":""-905.660314"",""sinceOpen"":""-3270.764938""},""entryPx"":""16.1282"",""leverage"":{""type"":""cross"",""value"":""10""},""liquidationPx"":""771.4636426484"",""marginUsed"":""11651.244822"",""maxLeverage"":""10"",""positionValue"":""116512.44822"",""returnOnEquity"":""4.3164874399"",""szi"":""-12710.68"",""unrealizedPnl"":""88488.327246""},""type"":""oneWay""},""initialMargin"":11651.244822,""initialMarginPercentage"":null,""isolated"":false,""leverage"":10.0,""liquidationPrice"":771.4636426484,""maintenanceMargin"":null,""maintenanceMarginPercentage"":null,""marginMode"":""cross"",""markPrice"":null,""notional"":116512.44822,""percentage"":759.4753058395565,""side"":""short"",""symbol"":""AVAX/USDC:USDC"",""timestamp"":null,""unrealizedPnl"":88488.327246}}"
prototype,hyperliquid:0xd6e56265890b76413d1d527eb9b75e334c0c5b42,2026-04-28T22:14:22Z,USDC,OP,OP/USDC:USDC,perp,0.49023,,,,45494.064446,-375332.6,0.49023,138505.840438,1522.240781601812,crypto,,0xd6e56265890b76413d1d527eb9b75e334c0c5b42,,,,,hyperliquid,,,,,"{""exchange_id"":""hyperliquid"",""position"":{""collateral"":9098.812889,""contractSize"":1.0,""contracts"":375332.6,""datetime"":null,""entryPrice"":0.49023,""hedged"":null,""id"":null,""info"":{""position"":{""coin"":""OP"",""cumFunding"":{""allTime"":""1406.838878"",""sinceChange"":""1667.901972"",""sinceOpen"":""1406.838878""},""entryPx"":""0.49023"",""leverage"":{""type"":""cross"",""value"":""5""},""liquidationPx"":""25.1208699238"",""marginUsed"":""9098.812889"",""maxLeverage"":""10"",""positionValue"":""45494.064446"",""returnOnEquity"":""3.7637476097"",""szi"":""-375332.6"",""unrealizedPnl"":""138505.840438""},""type"":""oneWay""},""initialMargin"":9098.812889,""initialMarginPercentage"":null,""isolated"":false,""leverage"":5.0,""liquidationPrice"":25.1208699238,""maintenanceMargin"":null,""maintenanceMarginPercentage"":null,""marginMode"":""cross"",""markPrice"":null,""notional"":45494.064446,""percentage"":1522.240781601812,""side"":""short"",""symbol"":""OP/USDC:USDC"",""timestamp"":null,""unrealizedPnl"":138505.840438}}"
prototype,hyperliquid:0xd6e56265890b76413d1d527eb9b75e334c0c5b42,2026-04-28T22:14:22Z,USDC,SUI,SUI/USDC:USDC,perp,1.49611,,,,104692.2492,-113303.3,1.49611,64822.538839,619.1722819438671,crypto,,0xd6e56265890b76413d1d527eb9b75e334c0c5b42,,,,,hyperliquid,,,,,"{""exchange_id"":""hyperliquid"",""position"":{""collateral"":10469.22492,""contractSize"":1.0,""contracts"":113303.3,""datetime"":null,""entryPrice"":1.49611,""hedged"":null,""id"":null,""info"":{""position"":{""coin"":""SUI"",""cumFunding"":{""allTime"":""-1503.419418"",""sinceChange"":""142.434405"",""sinceOpen"":""-1503.419418""},""entryPx"":""1.49611"",""leverage"":{""type"":""cross"",""value"":""10""},""liquidationPx"":""86.4406181843"",""marginUsed"":""10469.22492"",""maxLeverage"":""10"",""positionValue"":""104692.2492"",""returnOnEquity"":""3.824004949"",""szi"":""-113303.3"",""unrealizedPnl"":""64822.538839""},""type"":""oneWay""},""initialMargin"":10469.22492,""initialMarginPercentage"":null,""isolated"":false,""leverage"":10.0,""liquidationPrice"":86.4406181843,""maintenanceMargin"":null,""maintenanceMarginPercentage"":null,""marginMode"":""cross"",""markPrice"":null,""notional"":104692.2492,""percentage"":619.1722819438671,""side"":""short"",""symbol"":""SUI/USDC:USDC"",""timestamp"":null,""unrealizedPnl"":64822.538839}}"
prototype,hyperliquid:0xd6e56265890b76413d1d527eb9b75e334c0c5b42,2026-04-28T22:14:22Z,USDC,CRV,CRV/USDC:USDC,perp,0.49116,,,,94973.886045,-417375.9,0.49116,110025.925081,1158.4860814757076,crypto,,0xd6e56265890b76413d1d527eb9b75e334c0c5b42,,,,,hyperliquid,,,,,"{""exchange_id"":""hyperliquid"",""position"":{""collateral"":9497.388604,""contractSize"":1.0,""contracts"":417375.9,""datetime"":null,""entryPrice"":0.49116,""hedged"":null,""id"":null,""info"":{""position"":{""coin"":""CRV"",""cumFunding"":{""allTime"":""-4269.877083"",""sinceChange"":""-589.776485"",""sinceOpen"":""-4269.877083""},""entryPx"":""0.49116"",""leverage"":{""type"":""cross"",""value"":""10""},""liquidationPx"":""23.442390735"",""marginUsed"":""9497.388604"",""maxLeverage"":""10"",""positionValue"":""94973.886045"",""returnOnEquity"":""5.3671232416"",""szi"":""-417375.9"",""unrealizedPnl"":""110025.925081""},""type"":""oneWay""},""initialMargin"":9497.388604,""initialMarginPercentage"":null,""isolated"":false,""leverage"":10.0,""liquidationPrice"":23.442390735,""maintenanceMargin"":null,""maintenanceMarginPercentage"":null,""marginMode"":""cross"",""markPrice"":null,""notional"":94973.886045,""percentage"":1158.4860814757076,""side"":""short"",""symbol"":""CRV/USDC:USDC"",""timestamp"":null,""unrealizedPnl"":110025.925081}}"
prototype,hyperliquid:0xd6e56265890b76413d1d527eb9b75e334c0c5b42,2026-04-28T22:14:22Z,USDC,XRP,XRP/USDC:USDC,perp,1.662819,,,,107958.762,-78180.0,1.662819,22040.4349,408.3121090254814,crypto,,0xd6e56265890b76413d1d527eb9b75e334c0c5b42,,,,,hyperliquid,,,,,"{""exchange_id"":""hyperliquid"",""position"":{""collateral"":5397.9381,""contractSize"":1.0,""contracts"":78180.0,""datetime"":null,""entryPrice"":1.662819,""hedged"":null,""id"":null,""info"":{""position"":{""coin"":""XRP"",""cumFunding"":{""allTime"":""1239.483261"",""sinceChange"":""22.394606"",""sinceOpen"":""1239.483261""},""entryPx"":""1.662819"",""leverage"":{""type"":""cross"",""value"":""20""},""liquidationPx"":""128.3397104671"",""marginUsed"":""5397.9381"",""maxLeverage"":""20"",""positionValue"":""107958.762"",""returnOnEquity"":""3.3908570861"",""szi"":""-78180.0"",""unrealizedPnl"":""22040.4349""},""type"":""oneWay""},""initialMargin"":5397.9381,""initialMarginPercentage"":null,""isolated"":false,""leverage"":20.0,""liquidationPrice"":128.3397104671,""maintenanceMargin"":null,""maintenanceMarginPercentage"":null,""marginMode"":""cross"",""markPrice"":null,""notional"":107958.762,""percentage"":408.3121090254814,""side"":""short"",""symbol"":""XRP/USDC:USDC"",""timestamp"":null,""unrealizedPnl"":22040.4349}}"
prototype,hyperliquid:0xd6e56265890b76413d1d527eb9b75e334c0c5b42,2026-04-28T22:14:22Z,USDC,APT,APT/USDC:USDC,perp,1.2663,,,,106464.88872,-110555.44,1.2663,33535.102956,314.9874419555961,crypto,,0xd6e56265890b76413d1d527eb9b75e334c0c5b42,,,,,hyperliquid,,,,,"{""exchange_id"":""hyperliquid"",""position"":{""collateral"":10646.488872,""contractSize"":1.0,""contracts"":110555.44,""datetime"":null,""entryPrice"":1.2663,""hedged"":null,""id"":null,""info"":{""position"":{""coin"":""APT"",""cumFunding"":{""allTime"":""3948.516861"",""sinceChange"":""2339.302525"",""sinceOpen"":""3948.516861""},""entryPx"":""1.2663"",""leverage"":{""type"":""cross"",""value"":""10""},""liquidationPx"":""88.6051372401"",""marginUsed"":""10646.488872"",""maxLeverage"":""10"",""positionValue"":""106464.88872"",""returnOnEquity"":""2.3953646393"",""szi"":""-110555.44"",""unrealizedPnl"":""33535.102956""},""type"":""oneWay""},""initialMargin"":10646.488872,""initialMarginPercentage"":null,""isolated"":false,""leverage"":10.0,""liquidationPrice"":88.6051372401,""maintenanceMargin"":null,""maintenanceMarginPercentage"":null,""marginMode"":""cross"",""markPrice"":null,""notional"":106464.88872,""percentage"":314.9874419555961,""side"":""short"",""symbol"":""APT/USDC:USDC"",""timestamp"":null,""unrealizedPnl"":33535.102956}}"
prototype,hyperliquid:0xd6e56265890b76413d1d527eb9b75e334c0c5b42,2026-04-28T22:14:22Z,USDC,WLD,WLD/USDC:USDC,perp,0.39924,,,,94134.99237,-375713.4,0.39924,55865.266449,593.4590851127936,crypto,,0xd6e56265890b76413d1d527eb9b75e334c0c5b42,,,,,hyperliquid,,,,,"{""exchange_id"":""hyperliquid"",""position"":{""collateral"":9413.499237,""contractSize"":1.0,""contracts"":375713.4,""datetime"":null,""entryPrice"":0.39924,""hedged"":null,""id"":null,""info"":{""position"":{""coin"":""WLD"",""cumFunding"":{""allTime"":""756.83121"",""sinceChange"":""1337.422594"",""sinceOpen"":""756.83121""},""entryPx"":""0.39924"",""leverage"":{""type"":""cross"",""value"":""10""},""liquidationPx"":""26.0396622465"",""marginUsed"":""9413.499237"",""maxLeverage"":""10"",""positionValue"":""94134.99237"",""returnOnEquity"":""3.7243446704"",""szi"":""-375713.4"",""unrealizedPnl"":""55865.266449""},""type"":""oneWay""},""initialMargin"":9413.499237,""initialMarginPercentage"":null,""isolated"":false,""leverage"":10.0,""liquidationPrice"":26.0396622465,""maintenanceMargin"":null,""maintenanceMarginPercentage"":null,""marginMode"":""cross"",""markPrice"":null,""notional"":94134.99237,""percentage"":593.4590851127936,""side"":""short"",""symbol"":""WLD/USDC:USDC"",""timestamp"":null,""unrealizedPnl"":55865.266449}}"
prototype,hyperliquid:0xd6e56265890b76413d1d527eb9b75e334c0c5b42,2026-04-28T22:14:22Z,USDC,SEI,SEI/USDC:USDC,perp,0.067112,,,,107930.7297,-1830886.0,0.067112,14944.551081,69.23214140467356,crypto,,0xd6e56265890b76413d1d527eb9b75e334c0c5b42,,,,,hyperliquid,,,,,"{""exchange_id"":""hyperliquid"",""position"":{""collateral"":21586.14594,""contractSize"":1.0,""contracts"":1830886.0,""datetime"":null,""entryPrice"":0.067112,""hedged"":null,""id"":null,""info"":{""position"":{""coin"":""SEI"",""cumFunding"":{""allTime"":""146.404048"",""sinceChange"":""1452.793961"",""sinceOpen"":""1570.421826""},""entryPx"":""0.067112"",""leverage"":{""type"":""cross"",""value"":""5""},""liquidationPx"":""5.1823434434"",""marginUsed"":""21586.14594"",""maxLeverage"":""10"",""positionValue"":""107930.7297"",""returnOnEquity"":""0.6081186951"",""szi"":""-1830886.0"",""unrealizedPnl"":""14944.551081""},""type"":""oneWay""},""initialMargin"":21586.14594,""initialMarginPercentage"":null,""isolated"":false,""leverage"":5.0,""liquidationPrice"":5.1823434434,""maintenanceMargin"":null,""maintenanceMarginPercentage"":null,""marginMode"":""cross"",""markPrice"":null,""notional"":107930.7297,""percentage"":69.23214140467356,""side"":""short"",""symbol"":""SEI/USDC:USDC"",""timestamp"":null,""unrealizedPnl"":14944.551081}}"
prototype,hyperliquid:0xd6e56265890b76413d1d527eb9b75e334c0c5b42,2026-04-28T22:14:22Z,USDC,ZRO,ZRO/USDC:USDC,perp,2.00039,,,,80713.30992,-55988.7,2.00039,31286.44074,193.81215298325608,crypto,,0xd6e56265890b76413d1d527eb9b75e334c0c5b42,,,,,hyperliquid,,,,,"{""exchange_id"":""hyperliquid"",""position"":{""collateral"":16142.661984,""contractSize"":1.0,""contracts"":55988.7,""datetime"":null,""entryPrice"":2.00039,""hedged"":null,""id"":null,""info"":{""position"":{""coin"":""ZRO"",""cumFunding"":{""allTime"":""-4178.482502"",""sinceChange"":""-763.362082"",""sinceOpen"":""-790.391063""},""entryPx"":""2.00039"",""leverage"":{""type"":""cross"",""value"":""5""},""liquidationPx"":""166.6337125866"",""marginUsed"":""16142.661984"",""maxLeverage"":""5"",""positionValue"":""80713.30992"",""returnOnEquity"":""1.3967192139"",""szi"":""-55988.7"",""unrealizedPnl"":""31286.44074""},""type"":""oneWay""},""initialMargin"":16142.661984,""initialMarginPercentage"":null,""isolated"":false,""leverage"":5.0,""liquidationPrice"":166.6337125866,""maintenanceMargin"":null,""maintenanceMarginPercentage"":null,""marginMode"":""cross"",""markPrice"":null,""notional"":80713.30992,""percentage"":193.81215298325608,""side"":""short"",""symbol"":""ZRO/USDC:USDC"",""timestamp"":null,""unrealizedPnl"":31286.44074}}"
prototype,hyperliquid:0xd6e56265890b76413d1d527eb9b75e334c0c5b42,2026-04-28T22:14:22Z,USDC,BLUR,BLUR/USDC:USDC,perp,0.042449,,,,147723.33028,-5253319.0,0.042449,75276.540552,152.87336213547536,crypto,,0xd6e56265890b76413d1d527eb9b75e334c0c5b42,,,,,hyperliquid,,,,,"{""exchange_id"":""hyperliquid"",""position"":{""collateral"":49241.110093,""contractSize"":1.0,""contracts"":5253319.0,""datetime"":null,""entryPrice"":0.042449,""hedged"":null,""id"":null,""info"":{""position"":{""coin"":""BLUR"",""cumFunding"":{""allTime"":""34450.144046"",""sinceChange"":""28693.538762"",""sinceOpen"":""34450.144046""},""entryPx"":""0.042449"",""leverage"":{""type"":""cross"",""value"":""3""},""liquidationPx"":""1.6880960153"",""marginUsed"":""49241.110093"",""maxLeverage"":""3"",""positionValue"":""147723.33028"",""returnOnEquity"":""1.0126894729"",""szi"":""-5253319.0"",""unrealizedPnl"":""75276.540552""},""type"":""oneWay""},""initialMargin"":49241.110093,""initialMarginPercentage"":null,""isolated"":false,""leverage"":3.0,""liquidationPrice"":1.6880960153,""maintenanceMargin"":null,""maintenanceMarginPercentage"":null,""marginMode"":""cross"",""markPrice"":null,""notional"":147723.33028,""percentage"":152.87336213547536,""side"":""short"",""symbol"":""BLUR/USDC:USDC"",""timestamp"":null,""unrealizedPnl"":75276.540552}}"
prototype,hyperliquid:0xd6e56265890b76413d1d527eb9b75e334c0c5b42,2026-04-28T22:14:22Z,USDC,TIA,TIA/USDC:USDC,perp,0.38256,,,,134050.082201,-365947.1,0.38256,5950.000305,22.193199016926826,crypto,,0xd6e56265890b76413d1d527eb9b75e334c0c5b42,,,,,hyperliquid,,,,,"{""exchange_id"":""hyperliquid"",""position"":{""collateral"":26810.01644,""contractSize"":1.0,""contracts"":365947.1,""datetime"":null,""entryPrice"":0.38256,""hedged"":null,""id"":null,""info"":{""position"":{""coin"":""TIA"",""cumFunding"":{""allTime"":""1533.987353"",""sinceChange"":""838.577861"",""sinceOpen"":""1533.987353""},""entryPx"":""0.38256"",""leverage"":{""type"":""cross"",""value"":""5""},""liquidationPx"":""26.8436752944"",""marginUsed"":""26810.01644"",""maxLeverage"":""10"",""positionValue"":""134050.082201"",""returnOnEquity"":""0.2124998857"",""szi"":""-365947.1"",""unrealizedPnl"":""5950.000305""},""type"":""oneWay""},""initialMargin"":26810.01644,""initialMarginPercentage"":null,""isolated"":false,""leverage"":5.0,""liquidationPrice"":26.8436752944,""maintenanceMargin"":null,""maintenanceMarginPercentage"":null,""marginMode"":""cross"",""markPrice"":null,""notional"":134050.082201,""percentage"":22.193199016926826,""side"":""short"",""symbol"":""TIA/USDC:USDC"",""timestamp"":null,""unrealizedPnl"":5950.000305}}"
prototype,hyperliquid:0xd6e56265890b76413d1d527eb9b75e334c0c5b42,2026-04-28T22:14:22Z,USDC,ADA,ADA/USDC:USDC,perp,0.499092,,,,107834.7152,-436790.0,0.499092,110163.95119,1021.6000569545715,crypto,,0xd6e56265890b76413d1d527eb9b75e334c0c5b42,,,,,hyperliquid,,,,,"{""exchange_id"":""hyperliquid"",""position"":{""collateral"":10783.47152,""contractSize"":1.0,""contracts"":436790.0,""datetime"":null,""entryPrice"":0.499092,""hedged"":null,""id"":null,""info"":{""position"":{""coin"":""ADA"",""cumFunding"":{""allTime"":""-90.130356"",""sinceChange"":""175.412046"",""sinceOpen"":""-90.130356""},""entryPx"":""0.499092"",""leverage"":{""type"":""cross"",""value"":""10""},""liquidationPx"":""22.4298856666"",""marginUsed"":""10783.47152"",""maxLeverage"":""10"",""positionValue"":""107834.7152"",""returnOnEquity"":""5.0534231706"",""szi"":""-436790.0"",""unrealizedPnl"":""110163.95119""},""type"":""oneWay""},""initialMargin"":10783.47152,""initialMarginPercentage"":null,""isolated"":false,""leverage"":10.0,""liquidationPrice"":22.4298856666,""maintenanceMargin"":null,""maintenanceMarginPercentage"":null,""marginMode"":""cross"",""markPrice"":null,""notional"":107834.7152,""percentage"":1021.6000569545715,""side"":""short"",""symbol"":""ADA/USDC:USDC"",""timestamp"":null,""unrealizedPnl"":110163.95119}}"
prototype,hyperliquid:0xd6e56265890b76413d1d527eb9b75e334c0c5b42,2026-04-28T22:14:22Z,USDC,NEAR,NEAR/USDC:USDC,perp,1.9723,,,,116154.22584,-86193.4,1.9723,53845.03328,463.5649963710352,crypto,,0xd6e56265890b76413d1d527eb9b75e334c0c5b42,,,,,hyperliquid,,,,,"{""exchange_id"":""hyperliquid"",""position"":{""collateral"":11615.422584,""contractSize"":1.0,""contracts"":86193.4,""datetime"":null,""entryPrice"":1.9723,""hedged"":null,""id"":null,""info"":{""position"":{""coin"":""NEAR"",""cumFunding"":{""allTime"":""-5829.448204"",""sinceChange"":""-1635.44845"",""sinceOpen"":""-5829.448204""},""entryPx"":""1.9723"",""leverage"":{""type"":""cross"",""value"":""10""},""liquidationPx"":""113.761254005"",""marginUsed"":""11615.422584"",""maxLeverage"":""10"",""positionValue"":""116154.22584"",""returnOnEquity"":""3.1673687026"",""szi"":""-86193.4"",""unrealizedPnl"":""53845.03328""},""type"":""oneWay""},""initialMargin"":11615.422584,""initialMarginPercentage"":null,""isolated"":false,""leverage"":10.0,""liquidationPrice"":113.761254005,""maintenanceMargin"":null,""maintenanceMarginPercentage"":null,""marginMode"":""cross"",""markPrice"":null,""notional"":116154.22584,""percentage"":463.5649963710352,""side"":""short"",""symbol"":""NEAR/USDC:USDC"",""timestamp"":null,""unrealizedPnl"":53845.03328}}"
prototype,hyperliquid:0xd6e56265890b76413d1d527eb9b75e334c0c5b42,2026-04-28T22:14:22Z,USDC,PYTH,PYTH/USDC:USDC,perp,0.081784,,,,139183.828308,-2922311.0,0.081784,99815.734019,358.5751851869929,crypto,,0xd6e56265890b76413d1d527eb9b75e334c0c5b42,,,,,hyperliquid,,,,,"{""exchange_id"":""hyperliquid"",""position"":{""collateral"":27836.765661,""contractSize"":1.0,""contracts"":2922311.0,""datetime"":null,""entryPrice"":0.081784,""hedged"":null,""id"":null,""info"":{""position"":{""coin"":""PYTH"",""cumFunding"":{""allTime"":""3322.73193"",""sinceChange"":""171.01251"",""sinceOpen"":""3322.73193""},""entryPx"":""0.081784"",""leverage"":{""type"":""cross"",""value"":""5""},""liquidationPx"":""3.2125517997"",""marginUsed"":""27836.765661"",""maxLeverage"":""5"",""positionValue"":""139183.828308"",""returnOnEquity"":""2.0881990964"",""szi"":""-2922311.0"",""unrealizedPnl"":""99815.734019""},""type"":""oneWay""},""initialMargin"":27836.765661,""initialMarginPercentage"":null,""isolated"":false,""leverage"":5.0,""liquidationPrice"":3.2125517997,""maintenanceMargin"":null,""maintenanceMarginPercentage"":null,""marginMode"":""cross"",""markPrice"":null,""notional"":139183.828308,""percentage"":358.5751851869929,""side"":""short"",""symbol"":""PYTH/USDC:USDC"",""timestamp"":null,""unrealizedPnl"":99815.734019}}"
prototype,hyperliquid:0xd6e56265890b76413d1d527eb9b75e334c0c5b42,2026-04-28T22:14:22Z,USDC,XAI,XAI/USDC:USDC,perp,0.02228,,,,123568.507392,-11399308.8,0.02228,130431.481218,316.661948835139,crypto,,0xd6e56265890b76413d1d527eb9b75e334c0c5b42,,,,,hyperliquid,,,,,"{""exchange_id"":""hyperliquid"",""position"":{""collateral"":41189.502464,""contractSize"":1.0,""contracts"":11399308.8,""datetime"":null,""entryPrice"":0.02228,""hedged"":null,""id"":null,""info"":{""position"":{""coin"":""XAI"",""cumFunding"":{""allTime"":""32345.081451"",""sinceChange"":""2042.832421"",""sinceOpen"":""32345.081451""},""entryPx"":""0.02228"",""leverage"":{""type"":""cross"",""value"":""3""},""liquidationPx"":""0.7758323073"",""marginUsed"":""41189.502464"",""maxLeverage"":""3"",""positionValue"":""123568.507392"",""returnOnEquity"":""1.5405293748"",""szi"":""-11399308.8000000007"",""unrealizedPnl"":""130431.481218""},""type"":""oneWay""},""initialMargin"":41189.502464,""initialMarginPercentage"":null,""isolated"":false,""leverage"":3.0,""liquidationPrice"":0.7758323073,""maintenanceMargin"":null,""maintenanceMarginPercentage"":null,""marginMode"":""cross"",""markPrice"":null,""notional"":123568.507392,""percentage"":316.661948835139,""side"":""short"",""symbol"":""XAI/USDC:USDC"",""timestamp"":null,""unrealizedPnl"":130431.481218}}"
prototype,hyperliquid:0xd6e56265890b76413d1d527eb9b75e334c0c5b42,2026-04-28T22:14:22Z,USDC,ONDO,ONDO/USDC:USDC,perp,0.542923,,,,104878.84442,-397841.0,0.542923,111118.40232,1059.4930077129086,crypto,,0xd6e56265890b76413d1d527eb9b75e334c0c5b42,,,,,hyperliquid,,,,,"{""exchange_id"":""hyperliquid"",""position"":{""collateral"":10487.884442,""contractSize"":1.0,""contracts"":397841.0,""datetime"":null,""entryPrice"":0.542923,""hedged"":null,""id"":null,""info"":{""position"":{""coin"":""ONDO"",""cumFunding"":{""allTime"":""-3558.330053"",""sinceChange"":""-694.947225"",""sinceOpen"":""-3558.330053""},""entryPx"":""0.542923"",""leverage"":{""type"":""cross"",""value"":""10""},""liquidationPx"":""23.8421049981"",""marginUsed"":""10487.884442"",""maxLeverage"":""10"",""positionValue"":""104878.84442"",""returnOnEquity"":""5.1444360517"",""szi"":""-397841.0"",""unrealizedPnl"":""111118.40232""},""type"":""oneWay""},""initialMargin"":10487.884442,""initialMarginPercentage"":null,""isolated"":false,""leverage"":10.0,""liquidationPrice"":23.8421049981,""maintenanceMargin"":null,""maintenanceMarginPercentage"":null,""marginMode"":""cross"",""markPrice"":null,""notional"":104878.84442,""percentage"":1059.4930077129086,""side"":""short"",""symbol"":""ONDO/USDC:USDC"",""timestamp"":null,""unrealizedPnl"":111118.40232}}"
prototype,hyperliquid:0xd6e56265890b76413d1d527eb9b75e334c0c5b42,2026-04-28T22:14:22Z,USDC,ZETA,ZETA/USDC:USDC,perp,0.10759,,,,110772.733653,-1981977.7,0.10759,102469.164479,277.51187796806227,crypto,,0xd6e56265890b76413d1d527eb9b75e334c0c5b42,,,,,hyperliquid,,,,,"{""exchange_id"":""hyperliquid"",""position"":{""collateral"":36924.244551,""contractSize"":1.0,""contracts"":1981977.7,""datetime"":null,""entryPrice"":0.10759,""hedged"":null,""id"":null,""info"":{""position"":{""coin"":""ZETA"",""cumFunding"":{""allTime"":""30223.687326"",""sinceChange"":""14797.754466"",""sinceOpen"":""30223.687326""},""entryPx"":""0.10759"",""leverage"":{""type"":""cross"",""value"":""3""},""liquidationPx"":""4.455729383"",""marginUsed"":""36924.244551"",""maxLeverage"":""3"",""positionValue"":""110772.733653"",""returnOnEquity"":""1.4415904948"",""szi"":""-1981977.7"",""unrealizedPnl"":""102469.164479""},""type"":""oneWay""},""initialMargin"":36924.244551,""initialMarginPercentage"":null,""isolated"":false,""leverage"":3.0,""liquidationPrice"":4.455729383,""maintenanceMargin"":null,""maintenanceMarginPercentage"":null,""marginMode"":""cross"",""markPrice"":null,""notional"":110772.733653,""percentage"":277.51187796806227,""side"":""short"",""symbol"":""ZETA/USDC:USDC"",""timestamp"":null,""unrealizedPnl"":102469.164479}}"
prototype,hyperliquid:0xd6e56265890b76413d1d527eb9b75e334c0c5b42,2026-04-28T22:14:22Z,USDC,W,W/USDC:USDC,perp,0.04123,,,,69391.39584,-5421202.8,0.04123,154167.965279,1110.8579342781527,crypto,,0xd6e56265890b76413d1d527eb9b75e334c0c5b42,,,,,hyperliquid,,,,,"{""exchange_id"":""hyperliquid"",""position"":{""collateral"":13878.279168,""contractSize"":1.0,""contracts"":5421202.8,""datetime"":null,""entryPrice"":0.04123,""hedged"":null,""id"":null,""info"":{""position"":{""coin"":""W"",""cumFunding"":{""allTime"":""933.982331"",""sinceChange"":""1902.254303"",""sinceOpen"":""933.982331""},""entryPx"":""0.04123"",""leverage"":{""type"":""cross"",""value"":""5""},""liquidationPx"":""1.7188589643"",""marginUsed"":""13878.279168"",""maxLeverage"":""5"",""positionValue"":""69391.39584"",""returnOnEquity"":""3.4480319792"",""szi"":""-5421202.7999999998"",""unrealizedPnl"":""154167.965279""},""type"":""oneWay""},""initialMargin"":13878.279168,""initialMarginPercentage"":null,""isolated"":false,""leverage"":5.0,""liquidationPrice"":1.7188589643,""maintenanceMargin"":null,""maintenanceMarginPercentage"":null,""marginMode"":""cross"",""markPrice"":null,""notional"":69391.39584,""percentage"":1110.8579342781527,""side"":""short"",""symbol"":""W/USDC:USDC"",""timestamp"":null,""unrealizedPnl"":154167.965279}}"
prototype,hyperliquid:0xd6e56265890b76413d1d527eb9b75e334c0c5b42,2026-04-28T22:14:22Z,USDC,MERL,MERL/USDC:USDC,perp,0.063579,,,,142969.438926,-3887046.0,0.063579,104168.512589,218.5820550983282,crypto,,0xd6e56265890b76413d1d527eb9b75e334c0c5b42,,,,,hyperliquid,,,,,"{""exchange_id"":""hyperliquid"",""position"":{""collateral"":47656.479642,""contractSize"":1.0,""contracts"":3887046.0,""datetime"":null,""entryPrice"":0.063579,""hedged"":null,""id"":null,""info"":{""position"":{""coin"":""MERL"",""cumFunding"":{""allTime"":""65983.537556"",""sinceChange"":""-68.18592"",""sinceOpen"":""65983.537556""},""entryPx"":""0.063579"",""leverage"":{""type"":""cross"",""value"":""3""},""liquidationPx"":""2.2802284767"",""marginUsed"":""47656.479642"",""maxLeverage"":""3"",""positionValue"":""142969.438926"",""returnOnEquity"":""1.2644983737"",""szi"":""-3887046.0"",""unrealizedPnl"":""104168.512589""},""type"":""oneWay""},""initialMargin"":47656.479642,""initialMarginPercentage"":null,""isolated"":false,""leverage"":3.0,""liquidationPrice"":2.2802284767,""maintenanceMargin"":null,""maintenanceMarginPercentage"":null,""marginMode"":""cross"",""markPrice"":null,""notional"":142969.438926,""percentage"":218.5820550983282,""side"":""short"",""symbol"":""MERL/USDC:USDC"",""timestamp"":null,""unrealizedPnl"":104168.512589}}"
prototype,hyperliquid:0xd6e56265890b76413d1d527eb9b75e334c0c5b42,2026-04-28T22:14:22Z,USDC,BLAST,BLAST/USDC:USDC,perp,0.001079,,,,119468.197338,-244311242.0,0.001079,144153.193908,361.9871994054478,crypto,,0xd6e56265890b76413d1d527eb9b75e334c0c5b42,,,,,hyperliquid,,,,,"{""exchange_id"":""hyperliquid"",""position"":{""collateral"":39822.732446,""contractSize"":1.0,""contracts"":244311242.0,""datetime"":null,""entryPrice"":0.001079,""hedged"":null,""id"":null,""info"":{""position"":{""coin"":""BLAST"",""cumFunding"":{""allTime"":""79231.458036"",""sinceChange"":""15371.739642"",""sinceOpen"":""79231.458036""},""entryPx"":""0.001079"",""leverage"":{""type"":""cross"",""value"":""3""},""liquidationPx"":""0.0361827465"",""marginUsed"":""39822.732446"",""maxLeverage"":""3"",""positionValue"":""119468.197338"",""returnOnEquity"":""1.6404570952"",""szi"":""-244311242.0"",""unrealizedPnl"":""144153.193908""},""type"":""oneWay""},""initialMargin"":39822.732446,""initialMarginPercentage"":null,""isolated"":false,""leverage"":3.0,""liquidationPrice"":0.0361827465,""maintenanceMargin"":null,""maintenanceMarginPercentage"":null,""marginMode"":""cross"",""markPrice"":null,""notional"":119468.197338,""percentage"":361.9871994054478,""side"":""short"",""symbol"":""BLAST/USDC:USDC"",""timestamp"":null,""unrealizedPnl"":144153.193908}}"
prototype,hyperliquid:0xd6e56265890b76413d1d527eb9b75e334c0c5b42,2026-04-28T22:14:22Z,USDC,HYPE,HYPE/USDC:USDC,perp,40.5633,,,,5481469.36431,137204.81,40.5633,-84011.703496,15.32649330177827,crypto,,0xd6e56265890b76413d1d527eb9b75e334c0c5b42,,,,,hyperliquid,,,,,"{""exchange_id"":""hyperliquid"",""position"":{""collateral"":548146.936431,""contractSize"":1.0,""contracts"":137204.81,""datetime"":null,""entryPrice"":40.5633,""hedged"":null,""id"":null,""info"":{""position"":{""coin"":""HYPE"",""cumFunding"":{""allTime"":""347839.334143"",""sinceChange"":""-14.062155"",""sinceOpen"":""347839.334143""},""entryPx"":""40.5633"",""leverage"":{""type"":""cross"",""value"":""10""},""liquidationPx"":null,""marginUsed"":""548146.936431"",""maxLeverage"":""10"",""positionValue"":""5481469.3643100001"",""returnOnEquity"":""-0.1509513777"",""szi"":""137204.81"",""unrealizedPnl"":""-84011.703496""},""type"":""oneWay""},""initialMargin"":548146.936431,""initialMarginPercentage"":null,""isolated"":false,""leverage"":10.0,""liquidationPrice"":null,""maintenanceMargin"":null,""maintenanceMarginPercentage"":null,""marginMode"":""cross"",""markPrice"":null,""notional"":5481469.36431,""percentage"":15.32649330177827,""side"":""long"",""symbol"":""HYPE/USDC:USDC"",""timestamp"":null,""unrealizedPnl"":-84011.703496}}"
prototype,hyperliquid:0xd6e56265890b76413d1d527eb9b75e334c0c5b42,2026-04-28T22:14:22Z,USDC,MORPHO,MORPHO/USDC:USDC,perp,1.26049,,,,147063.43197,-75366.9,1.26049,-52063.60046,177.0106945097699,crypto,,0xd6e56265890b76413d1d527eb9b75e334c0c5b42,,,,,hyperliquid,,,,,"{""exchange_id"":""hyperliquid"",""position"":{""collateral"":29412.686394,""contractSize"":1.0,""contracts"":75366.9,""datetime"":null,""entryPrice"":1.26049,""hedged"":null,""id"":null,""info"":{""position"":{""coin"":""MORPHO"",""cumFunding"":{""allTime"":""357.012282"",""sinceChange"":""260.909604"",""sinceOpen"":""357.012282""},""entryPx"":""1.26049"",""leverage"":{""type"":""cross"",""value"":""5""},""liquidationPx"":""124.6695175992"",""marginUsed"":""29412.686394"",""maxLeverage"":""5"",""positionValue"":""147063.43197"",""returnOnEquity"":""-2.7401943578"",""szi"":""-75366.9"",""unrealizedPnl"":""-52063.60046""},""type"":""oneWay""},""initialMargin"":29412.686394,""initialMarginPercentage"":null,""isolated"":false,""leverage"":5.0,""liquidationPrice"":124.6695175992,""maintenanceMargin"":null,""maintenanceMarginPercentage"":null,""marginMode"":""cross"",""markPrice"":null,""notional"":147063.43197,""percentage"":177.0106945097699,""side"":""short"",""symbol"":""MORPHO/USDC:USDC"",""timestamp"":null,""unrealizedPnl"":-52063.60046}}"
prototype,hyperliquid:0xd6e56265890b76413d1d527eb9b75e334c0c5b42,2026-04-28T22:14:22Z,USDC,BERA,BERA/USDC:USDC,perp,1.02806,,,,92721.677306,-248038.3,1.02806,162277.156487,875.0766875862438,crypto,,0xd6e56265890b76413d1d527eb9b75e334c0c5b42,,,,,hyperliquid,,,,,"{""exchange_id"":""hyperliquid"",""position"":{""collateral"":18544.335461,""contractSize"":1.0,""contracts"":248038.3,""datetime"":null,""entryPrice"":1.02806,""hedged"":null,""id"":null,""info"":{""position"":{""coin"":""BERA"",""cumFunding"":{""allTime"":""74973.013674"",""sinceChange"":""4911.03694"",""sinceOpen"":""74973.013674""},""entryPx"":""1.02806"",""leverage"":{""type"":""cross"",""value"":""5""},""liquidationPx"":""37.661979264"",""marginUsed"":""18544.335461"",""maxLeverage"":""5"",""positionValue"":""92721.677306"",""returnOnEquity"":""3.1819195812"",""szi"":""-248038.3"",""unrealizedPnl"":""162277.156487""},""type"":""oneWay""},""initialMargin"":18544.335461,""initialMarginPercentage"":null,""isolated"":false,""leverage"":5.0,""liquidationPrice"":37.661979264,""maintenanceMargin"":null,""maintenanceMarginPercentage"":null,""marginMode"":""cross"",""markPrice"":null,""notional"":92721.677306,""percentage"":875.0766875862438,""side"":""short"",""symbol"":""BERA/USDC:USDC"",""timestamp"":null,""unrealizedPnl"":162277.156487}}"
prototype,hyperliquid:0xd6e56265890b76413d1d527eb9b75e334c0c5b42,2026-04-28T22:14:22Z,USDC,LAYER,LAYER/USDC:USDC,perp,0.187512,,,,120163.305428,-1447123.0,0.187512,151190.08385,377.4615303249306,crypto,,0xd6e56265890b76413d1d527eb9b75e334c0c5b42,,,,,hyperliquid,,,,,"{""exchange_id"":""hyperliquid"",""position"":{""collateral"":40054.435142,""contractSize"":1.0,""contracts"":1447123.0,""datetime"":null,""entryPrice"":0.187512,""hedged"":null,""id"":null,""info"":{""position"":{""coin"":""LAYER"",""cumFunding"":{""allTime"":""49611.349821"",""sinceChange"":""1296.805429"",""sinceOpen"":""49611.349821""},""entryPx"":""0.187512"",""leverage"":{""type"":""cross"",""value"":""3""},""liquidationPx"":""6.1090500573"",""marginUsed"":""40054.435142"",""maxLeverage"":""3"",""positionValue"":""120163.305428"",""returnOnEquity"":""1.6715112819"",""szi"":""-1447123.0"",""unrealizedPnl"":""151190.08385""},""type"":""oneWay""},""initialMargin"":40054.435142,""initialMarginPercentage"":null,""isolated"":false,""leverage"":3.0,""liquidationPrice"":6.1090500573,""maintenanceMargin"":null,""maintenanceMarginPercentage"":null,""marginMode"":""cross"",""markPrice"":null,""notional"":120163.305428,""percentage"":377.4615303249306,""side"":""short"",""symbol"":""LAYER/USDC:USDC"",""timestamp"":null,""unrealizedPnl"":151190.08385}}"
prototype,hyperliquid:0xd6e56265890b76413d1d527eb9b75e334c0c5b42,2026-04-28T22:14:22Z,USDC,IP,IP/USDC:USDC,perp,1.09486,,,,88210.591935,-174449.9,1.09486,102789.058824,349.5806679307032,crypto,,0xd6e56265890b76413d1d527eb9b75e334c0c5b42,,,,,hyperliquid,,,,,"{""exchange_id"":""hyperliquid"",""position"":{""collateral"":29403.530645,""contractSize"":1.0,""contracts"":174449.9,""datetime"":null,""entryPrice"":1.09486,""hedged"":null,""id"":null,""info"":{""position"":{""coin"":""IP"",""cumFunding"":{""allTime"":""4401.093573"",""sinceChange"":""732.089085"",""sinceOpen"":""4401.093573""},""entryPx"":""1.09486"",""leverage"":{""type"":""cross"",""value"":""3""},""liquidationPx"":""50.4935464712"",""marginUsed"":""29403.530645"",""maxLeverage"":""3"",""positionValue"":""88210.591935"",""returnOnEquity"":""1.614490787"",""szi"":""-174449.9"",""unrealizedPnl"":""102789.058824""},""type"":""oneWay""},""initialMargin"":29403.530645,""initialMarginPercentage"":null,""isolated"":false,""leverage"":3.0,""liquidationPrice"":50.4935464712,""maintenanceMargin"":null,""maintenanceMarginPercentage"":null,""marginMode"":""cross"",""markPrice"":null,""notional"":88210.591935,""percentage"":349.5806679307032,""side"":""short"",""symbol"":""IP/USDC:USDC"",""timestamp"":null,""unrealizedPnl"":102789.058824}}"
prototype,hyperliquid:0xd6e56265890b76413d1d527eb9b75e334c0c5b42,2026-04-28T22:14:22Z,USDC,ZORA,ZORA/USDC:USDC,perp,0.033307,,,,96620.340939,-7415791.0,0.033307,150379.904201,466.9200172744383,crypto,,0xd6e56265890b76413d1d527eb9b75e334c0c5b42,,,,,hyperliquid,,,,,"{""exchange_id"":""hyperliquid"",""position"":{""collateral"":32206.780313,""contractSize"":1.0,""contracts"":7415791.0,""datetime"":null,""entryPrice"":0.033307,""hedged"":null,""id"":null,""info"":{""position"":{""coin"":""ZORA"",""cumFunding"":{""allTime"":""61303.941928"",""sinceChange"":""416.584999"",""sinceOpen"":""61303.941928""},""entryPx"":""0.033307"",""leverage"":{""type"":""cross"",""value"":""3""},""liquidationPx"":""1.1889498884"",""marginUsed"":""32206.780313"",""maxLeverage"":""3"",""positionValue"":""96620.340939"",""returnOnEquity"":""1.8264747565"",""szi"":""-7415791.0"",""unrealizedPnl"":""150379.904201""},""type"":""oneWay""},""initialMargin"":32206.780313,""initialMarginPercentage"":null,""isolated"":false,""leverage"":3.0,""liquidationPrice"":1.1889498884,""maintenanceMargin"":null,""maintenanceMarginPercentage"":null,""marginMode"":""cross"",""markPrice"":null,""notional"":96620.340939,""percentage"":466.9200172744383,""side"":""short"",""symbol"":""ZORA/USDC:USDC"",""timestamp"":null,""unrealizedPnl"":150379.904201}}"
prototype,hyperliquid:0xd6e56265890b76413d1d527eb9b75e334c0c5b42,2026-04-28T22:14:22Z,USDC,ASTER,ASTER/USDC:USDC,perp,0.944266,,,,106762.85027,-164147.0,0.944266,48235.69975,135.54068562870975,crypto,,0xd6e56265890b76413d1d527eb9b75e334c0c5b42,,,,,hyperliquid,,,,,"{""exchange_id"":""hyperliquid"",""position"":{""collateral"":35587.616756,""contractSize"":1.0,""contracts"":164147.0,""datetime"":null,""entryPrice"":0.944266,""hedged"":null,""id"":null,""info"":{""position"":{""coin"":""ASTER"",""cumFunding"":{""allTime"":""-4054.679114"",""sinceChange"":""-1444.836461"",""sinceOpen"":""-4054.679114""},""entryPx"":""0.944266"",""leverage"":{""type"":""cross"",""value"":""3""},""liquidationPx"":""56.9955861773"",""marginUsed"":""35587.616756"",""maxLeverage"":""5"",""positionValue"":""106762.85027"",""returnOnEquity"":""0.9336029223"",""szi"":""-164147.0"",""unrealizedPnl"":""48235.69975""},""type"":""oneWay""},""initialMargin"":35587.616756,""initialMarginPercentage"":null,""isolated"":false,""leverage"":3.0,""liquidationPrice"":56.9955861773,""maintenanceMargin"":null,""maintenanceMarginPercentage"":null,""marginMode"":""cross"",""markPrice"":null,""notional"":106762.85027,""percentage"":135.54068562870975,""side"":""short"",""symbol"":""ASTER/USDC:USDC"",""timestamp"":null,""unrealizedPnl"":48235.69975}}"
prototype,hyperliquid:0xd6e56265890b76413d1d527eb9b75e334c0c5b42,2026-04-28T22:14:22Z,USDC,AVNT,AVNT/USDC:USDC,perp,0.293827,,,,128033.0865,-816798.0,0.293827,111964.40496,437.2479334082132,crypto,,0xd6e56265890b76413d1d527eb9b75e334c0c5b42,,,,,hyperliquid,,,,,"{""exchange_id"":""hyperliquid"",""position"":{""collateral"":25606.6173,""contractSize"":1.0,""contracts"":816798.0,""datetime"":null,""entryPrice"":0.293827,""hedged"":null,""id"":null,""info"":{""position"":{""coin"":""AVNT"",""cumFunding"":{""allTime"":""35924.094"",""sinceChange"":""320.276663"",""sinceOpen"":""35924.094""},""entryPx"":""0.293827"",""leverage"":{""type"":""cross"",""value"":""5""},""liquidationPx"":""11.4801024494"",""marginUsed"":""25606.6173"",""maxLeverage"":""5"",""positionValue"":""128033.0865"",""returnOnEquity"":""2.3326161511"",""szi"":""-816798.0"",""unrealizedPnl"":""111964.40496""},""type"":""oneWay""},""initialMargin"":25606.6173,""initialMarginPercentage"":null,""isolated"":false,""leverage"":5.0,""liquidationPrice"":11.4801024494,""maintenanceMargin"":null,""maintenanceMarginPercentage"":null,""marginMode"":""cross"",""markPrice"":null,""notional"":128033.0865,""percentage"":437.2479334082132,""side"":""short"",""symbol"":""AVNT/USDC:USDC"",""timestamp"":null,""unrealizedPnl"":111964.40496}}"
prototype,hyperliquid:0xd6e56265890b76413d1d527eb9b75e334c0c5b42,2026-04-28T22:14:22Z,USDC,ICP,ICP/USDC:USDC,perp,2.83985,,,,113957.13472,-47537.6,2.83985,21042.65314,92.32705434242072,crypto,,0xd6e56265890b76413d1d527eb9b75e334c0c5b42,,,,,hyperliquid,,,,,"{""exchange_id"":""hyperliquid"",""position"":{""collateral"":22791.426944,""contractSize"":1.0,""contracts"":47537.6,""datetime"":null,""entryPrice"":2.83985,""hedged"":null,""id"":null,""info"":{""position"":{""coin"":""ICP"",""cumFunding"":{""allTime"":""5381.266375"",""sinceChange"":""169.739884"",""sinceOpen"":""5381.266375""},""entryPx"":""2.83985"",""leverage"":{""type"":""cross"",""value"":""5""},""liquidationPx"":""196.9566988804"",""marginUsed"":""22791.426944"",""maxLeverage"":""5"",""positionValue"":""113957.13472"",""returnOnEquity"":""0.7793587484"",""szi"":""-47537.6"",""unrealizedPnl"":""21042.65314""},""type"":""oneWay""},""initialMargin"":22791.426944,""initialMarginPercentage"":null,""isolated"":false,""leverage"":5.0,""liquidationPrice"":196.9566988804,""maintenanceMargin"":null,""maintenanceMarginPercentage"":null,""marginMode"":""cross"",""markPrice"":null,""notional"":113957.13472,""percentage"":92.32705434242072,""side"":""short"",""symbol"":""ICP/USDC:USDC"",""timestamp"":null,""unrealizedPnl"":21042.65314}}"
